City_ID,City,Lat,Lng,Max Temp,Humidity,Cloudiness,Wind Speed,Country,Date
0,portales,34.1862,-103.3344,20.01,20,38,2.68,US,1701895130
1,adamstown,-25.066,-130.1015,22.96,78,100,5.06,PN,1701895130
2,deir ez-zor,35.3359,40.1408,14.82,77,70,1.6,SY,1701895130
3,bubaque,11.2833,-15.8333,28.42,62,4,4.13,GW,1701895130
4,gedo,9.0167,37.45,12.28,79,19,0.69,ET,1701895130
5,yangliuqing,39.1375,116.9997,0.97,34,0,1.58,CN,1701895130
6,sertania,-8.0736,-37.2644,31.15,28,49,4.37,BR,1701895130
7,sinabang,2.4803,96.3801,26.26,86,100,3.97,ID,1701895130
8,atbasar,51.8,68.3333,-21.5,96,23,3.46,KZ,1701895130
9,qaqortoq,60.7167,-46.0333,1.72,60,100,4.42,GL,1701895130
10,port-aux-francais,-49.35,70.2167,4.75,85,100,8.98,TF,1701895130
11,tionk essil,12.7856,-16.5217,25.03,65,28,2.43,SN,1701895131
12,college,64.8569,-147.8028,-14.03,82,100,0.0,US,1701895131
13,devin,41.7433,24.4,5.52,100,100,0.31,BG,1701895131
14,puerto natales,-51.7236,-72.4875,14.25,44,20,11.32,CL,1701895131
15,monrovia,6.3005,-10.7969,26.87,81,3,3.38,LR,1701895131
16,dudinka,69.4058,86.1778,-25.18,98,100,3.58,RU,1701895131
17,as sulayyil,20.4607,45.5779,16.14,32,17,2.96,SA,1701895131
18,bethel,41.3712,-73.414,3.62,71,100,4.12,US,1701895131
19,thompson,55.7435,-97.8558,-3.91,93,75,4.63,CA,1701895131
20,wailua homesteads,22.0669,-159.378,25.44,74,40,5.14,US,1701895131
21,edinburgh of the seven seas,-37.0676,-12.3116,14.35,76,10,8.1,SH,1701895131
22,ushuaia,-54.8,-68.3,10.79,66,0,12.35,AR,1701895131
23,afaahiti,-17.75,-149.2833,25.93,85,100,6.44,PF,1701895132
24,port mathurin,-19.6833,63.4167,25.67,79,1,3.85,MU,1701895132
25,talnakh,69.4865,88.3972,-24.77,99,100,4.01,RU,1701895132
26,nemuro,43.3236,145.575,8.26,91,100,6.06,JP,1701895132
27,kodiak,57.79,-152.4072,0.73,51,0,11.83,US,1701895132
28,salmon arm,50.6998,-119.3024,4.68,100,100,0.51,CA,1701895132
29,blackmans bay,-43.0167,147.3167,12.07,70,100,2.34,AU,1701895132
30,grytviken,-54.2811,-36.5092,0.06,76,53,4.61,GS,1701895132
31,gataia,45.4311,21.43,2.2,99,100,2.63,RO,1701895132
32,vorkuta,67.5,64.0,-30.29,100,18,0.54,RU,1701895132
33,la passe,45.5549,-0.8967,4.13,89,67,4.0,FR,1701895132
34,kaa-khem,51.6833,94.7333,-10.89,93,100,1.17,RU,1701895132
35,inderbor,48.55,51.7833,-5.27,84,100,3.38,KZ,1701895132
36,walvis bay,-22.9575,14.5053,15.61,88,14,2.57,NA,1701895133
37,greenwood,34.1668,-82.1165,13.49,33,0,5.14,US,1701895133
38,tiksi,71.6872,128.8694,-24.99,97,100,3.67,RU,1701895133
39,tual,-5.6667,132.75,28.71,68,76,0.58,ID,1701895133
40,bhimunipatnam,17.8833,83.4333,22.59,91,84,4.47,IN,1701895133
41,waitangi,-43.9535,-176.5597,16.01,95,100,1.79,NZ,1701895133
42,bakanas,44.8081,76.2772,2.9,66,100,4.72,KZ,1701895133
43,rosetta,31.4044,30.4164,19.31,62,72,5.49,EG,1701895133
44,aykhal,66.0,111.5,-25.51,98,99,1.95,RU,1701895133
45,iqaluit,63.7506,-68.5145,-13.15,85,20,3.09,CA,1701895133
46,ribeira grande,38.5167,-28.7,19.22,72,75,9.26,PT,1701895134
47,longyearbyen,78.2186,15.6401,-4.09,68,75,10.29,SJ,1701895134
48,bredasdorp,-34.5322,20.0403,17.57,86,35,4.69,ZA,1701895134
49,ulsteinvik,62.3432,5.8487,0.97,65,100,3.13,NO,1701895134
50,petropavlovsk-kamchatsky,53.0452,158.6483,-9.19,69,0,6.71,RU,1701895134
51,prince rupert,54.3161,-130.3201,6.83,82,0,5.66,CA,1701895134
52,tura,25.5198,90.2201,19.84,71,100,0.77,IN,1701895134
53,saldanha,-33.0117,17.9442,23.03,75,0,2.24,ZA,1701895134
54,la charite-sur-loire,47.1833,3.0167,0.9,88,79,1.14,FR,1701895134
55,port lincoln,-34.7333,135.8667,16.57,71,100,5.4,AU,1701895134
56,tulucesti,45.5667,28.0333,2.4,76,100,4.78,RO,1701895134
57,porto novo,6.4965,2.6036,27.56,78,100,3.26,BJ,1701894987
58,hermanus,-34.4187,19.2345,18.09,84,3,5.11,ZA,1701895134
59,hawaiian paradise park,19.5933,-154.9731,25.57,88,40,0.89,US,1701895135
60,puerto ayora,-0.7393,-90.3518,29.98,87,88,2.68,EC,1701895135
61,nuuk,64.1835,-51.7216,7.34,29,75,12.35,GL,1701895135
62,atafu village,-8.5421,-172.5159,28.99,76,99,3.9,TK,1701895135
63,masterton,-40.9597,175.6575,15.49,57,10,2.57,NZ,1701895135
64,coquimbo,-29.9533,-71.3436,17.85,67,0,6.69,CL,1701895069
65,tarakan,3.3,117.6333,26.17,86,100,3.32,ID,1701895135
66,bilibino,68.0546,166.4372,-30.81,99,100,1.85,RU,1701895135
67,albany,42.6001,-73.9662,0.36,88,99,3.56,US,1701895081
68,fale old settlement,-9.3852,-171.2468,28.89,76,97,5.02,TK,1701895135
69,kone,-21.0595,164.8658,26.03,60,100,2.45,NC,1701895135
70,yellowknife,62.456,-114.3525,-7.71,93,100,2.57,CA,1701895103
71,invercargill,-46.4,168.35,11.78,64,83,7.72,NZ,1701895135
72,anacortes,48.5126,-122.6127,10.53,96,100,2.06,US,1701895136
73,luderitz,-26.6481,15.1594,16.49,92,2,4.17,NA,1701895136
74,olyokminsk,60.3736,120.4264,-45.26,100,73,0.29,RU,1701895136
75,bengkulu,-3.8004,102.2655,23.83,92,100,2.0,ID,1701895136
76,ilhabela,-23.7781,-45.3581,25.48,88,93,1.59,BR,1701895136
77,borgo,46.0514,11.4544,3.12,88,6,1.52,IT,1701895136
78,sao gabriel da cachoeira,-0.1303,-67.0892,32.89,58,20,2.06,BR,1701895136
79,carnarvon,-24.8667,113.6333,22.58,74,0,9.39,AU,1701895136
80,st. john's,47.5649,-52.7093,-3.25,80,40,3.6,CA,1701894966
81,west island,-12.1568,96.8225,26.99,83,100,3.6,CC,1701895136
82,altamont,42.2068,-121.7372,9.94,66,20,10.29,US,1701895136
83,sitka,57.0531,-135.33,5.94,70,100,3.6,US,1701895136
84,kerema,-7.9631,145.7785,25.4,87,100,2.47,PG,1701895136
85,punta arenas,-53.15,-70.9167,12.01,62,0,12.86,CL,1701895137
86,macau,22.2006,113.5461,18.85,63,0,8.23,MO,1701895137
87,chifeng,42.2683,118.9636,-4.68,59,42,1.94,CN,1701895137
88,harstad,68.799,16.5293,-2.69,82,94,10.73,NO,1701895137
89,gizo,-8.103,156.8419,27.68,85,100,10.37,SB,1701895137
90,wongsorejo,-7.9908,114.4009,25.8,86,89,4.16,ID,1701895137
91,pasuquin,18.3328,120.6177,25.97,83,20,5.66,PH,1701895137
92,puerto lempira,15.2667,-83.7667,27.08,78,75,5.14,HN,1701895137
93,thunder bay,48.4001,-89.3168,1.99,86,100,4.63,CA,1701895137
94,bremen,53.0752,8.8078,1.68,76,100,2.06,DE,1701895137
95,bikenibeu village,1.3673,173.1241,27.98,83,75,4.12,KI,1701895137
96,stanley,54.868,-1.6985,2.09,90,0,2.06,GB,1701895017
97,sainte-marie,-20.8968,55.5496,25.59,88,100,1.03,RE,1701895137
98,klyuchi,52.2667,79.1667,-12.12,68,100,9.04,RU,1701895138
99,port alfred,-33.5906,26.891,19.54,83,61,2.24,ZA,1701895138
100,saint-joseph,-21.3667,55.6167,24.71,78,48,2.73,RE,1701895138
101,coracora,-15.0333,-73.7833,17.31,32,100,5.56,PE,1701895138
102,buaran,-7.05,109.55,24.39,89,69,2.3,ID,1701895138
103,aleksandrovsk-sakhalinskiy,50.8975,142.1561,-1.35,92,100,3.39,RU,1701895138
104,ancud,-41.8697,-73.8203,14.6,72,13,3.75,CL,1701895138
105,fort mcmurray,56.7268,-111.381,5.77,56,0,5.66,CA,1701895047
106,mora,11.0461,14.1401,23.83,19,7,2.16,CM,1701895138
107,whitehorse,60.7161,-135.0538,-1.57,86,75,6.17,CA,1701894864
108,kingston,17.997,-76.7936,30.53,66,40,7.2,JM,1701895138
109,susuman,62.7833,148.1667,-49.45,99,71,0.45,RU,1701895138
110,auki,-8.7676,160.7034,25.68,88,100,3.82,SB,1701895138
111,tubarjal,30.4999,38.216,16.57,57,1,3.45,SA,1701895138
112,nandu,22.8525,110.8233,14.03,77,100,1.51,CN,1701895139
113,san antonio de pale,-1.4014,5.6325,27.0,79,25,4.85,GQ,1701895139
114,san angelo,31.4638,-100.437,22.38,52,20,5.66,US,1701894903
115,egilsstadir,65.2653,-14.3948,-9.05,92,75,1.03,IS,1701895139
116,codrington,-38.2667,141.9667,12.54,72,100,1.27,AU,1701895139
117,portland,45.5234,-122.6762,11.1,95,100,4.63,US,1701895077
118,guerrero negro,27.9769,-114.0611,25.54,28,0,4.13,MX,1701895036
119,palmer,42.1584,-72.3287,2.23,62,75,3.09,US,1701895139
120,isafjordur,66.0755,-23.124,-2.79,80,23,2.56,IS,1701895139
121,galveston,29.3669,-94.9669,20.1,55,0,3.09,US,1701895139
122,margate,51.3813,1.3862,4.39,93,88,0.89,GB,1701895139
123,tsiombe,-25.3,45.4833,22.69,74,35,6.24,MG,1701895139
124,hamilton,39.1834,-84.5333,6.07,69,100,5.36,US,1701894893
125,avarua,-21.2078,-159.775,27.03,78,40,8.23,CK,1701895139
126,enewetak,11.3474,162.3373,27.63,72,95,9.75,MH,1701895140
127,khandyga,62.6667,135.6,-46.89,98,100,0.53,RU,1701895140
128,seven pagodas,12.6264,80.1722,27.03,85,30,3.04,IN,1701895140
129,chonchi,-42.6128,-73.8092,18.56,59,13,1.12,CL,1701895140
130,lebu,-37.6167,-73.65,15.18,78,3,6.62,CL,1701895140
131,luza,60.6308,47.2512,-22.97,97,25,1.21,RU,1701895140
132,morrope,-6.5417,-80.0111,25.06,62,88,7.86,PE,1701895140
133,port elizabeth,-33.918,25.5701,20.61,94,100,8.75,ZA,1701895140
134,lihue,21.9789,-159.3672,25.77,72,40,5.14,US,1701895140
135,dedovichi,57.5517,29.9502,-20.25,100,99,1.72,RU,1701895140
136,that phanom,16.9364,104.7104,18.96,82,82,3.67,TH,1701895140
137,safaga,26.7292,33.9365,20.79,54,0,4.57,EG,1701895140
138,itoman,26.1247,127.6694,21.43,64,75,9.26,JP,1701895141
139,selfoss,63.9331,-20.9971,-3.36,55,75,4.94,IS,1701895141
140,douglas,41.3,-96.167,13.15,51,0,7.72,US,1701894902
141,galliano,29.4422,-90.2992,16.67,38,0,4.63,US,1701895141
142,parauna,-16.9478,-50.4486,30.2,43,54,1.79,BR,1701895141
143,pisco,-13.7,-76.2167,24.03,64,0,8.75,PE,1701895141
144,chibougamau,49.9168,-74.3659,-11.21,79,100,1.54,CA,1701895141
145,yeniseysk,58.4497,92.1703,-25.59,91,100,2.24,RU,1701895141
146,xicotencatl,23.0167,-98.8833,20.75,77,100,3.95,MX,1701895142
147,mar del plata,-38.0023,-57.5575,18.38,94,100,4.12,AR,1701895049
148,georgetown,5.4112,100.3354,26.96,92,20,1.54,MY,1701894883
149,pruszcz gdanski,54.2622,18.6363,-1.89,94,100,5.14,PL,1701895142
150,arraial do cabo,-22.9661,-42.0278,27.98,74,0,8.75,BR,1701895142
151,ketchikan,55.3422,-131.6461,7.41,76,100,4.12,US,1701895142
152,pascagoula,30.3658,-88.5561,15.0,46,0,4.12,US,1701895143
153,tralee,52.2704,-9.7026,9.23,96,99,2.6,IE,1701895143
154,naantali,60.4674,22.0243,-4.76,93,100,2.57,FI,1701895143
155,church hill,36.5223,-82.7135,5.86,66,97,2.68,US,1701894964
156,playa del ingles,27.7567,-15.5787,20.86,85,100,1.79,ES,1701895143
157,papatowai,-46.5619,169.4708,11.07,70,76,8.03,NZ,1701895143
158,bluefields,12.0137,-83.7635,30.04,84,75,4.12,NI,1701895144
159,colipapa,9.4726,122.5616,25.54,86,90,3.18,PH,1701895144
160,tazacorte,28.629,-17.9293,20.54,92,40,2.06,ES,1701895144
161,hillsboro,45.5229,-122.9898,11.05,95,100,3.09,US,1701895014
162,linxia chengguanzhen,35.6003,103.2064,1.12,22,0,1.94,CN,1701895144
163,kapuskasing,49.4169,-82.4331,-6.0,73,100,5.66,CA,1701894854
164,badger,64.8,-147.5333,-14.07,84,100,0.0,US,1701895144
165,olinda,-8.0089,-34.8553,27.85,69,40,4.63,BR,1701895145
166,sao joao del rei,-21.1356,-44.2617,23.47,80,71,2.72,BR,1701895145
167,rotonda west,26.8837,-82.2901,22.21,58,0,6.17,US,1701895145
168,usinsk,65.9939,57.5281,-31.07,99,91,1.79,RU,1701895145
169,jinchang,38.4953,102.1739,2.59,18,0,1.33,CN,1701895145
170,santa marta,11.2408,-74.199,33.03,69,20,2.06,CO,1701894947
171,san luis de la loma,17.2706,-100.8939,29.02,66,100,1.51,MX,1701895145
172,nyurba,63.2842,118.3319,-47.78,100,81,1.47,RU,1701895146
173,cidreira,-30.1811,-50.2056,23.13,96,64,3.9,BR,1701895127
174,olonkinbyen,70.9221,-8.7187,-3.64,80,100,3.91,SJ,1701895146
175,namibe,-15.1961,12.1522,23.54,84,100,3.1,AO,1701895146
176,new yekepa,7.5794,-8.5378,22.2,53,7,0.78,LR,1701895147
177,udachny,66.4167,112.4,-26.12,100,100,1.25,RU,1701895147
178,haiku-pauwela,20.9219,-156.3051,27.32,71,40,10.29,US,1701895147
179,happy valley-goose bay,53.3168,-60.3315,-2.83,59,75,5.66,CA,1701895147
180,kayangel,8.0823,134.7173,28.41,75,78,4.14,PW,1701895147
181,andergrove,-21.0833,149.1833,23.69,72,57,5.89,AU,1701895147
182,opuwo,-18.0607,13.84,24.47,57,55,2.6,NA,1701895148
183,dwarka,22.2394,68.9678,22.95,51,0,6.55,IN,1701895148
184,east london,-33.0153,27.9116,20.11,83,90,9.01,ZA,1701895021
185,ta`u,-14.2336,-169.5144,26.78,84,37,5.71,AS,1701895148
186,kalmunai,7.4167,81.8167,25.61,91,8,3.34,LK,1701895148
187,famagusta,35.125,33.95,17.0,93,16,3.82,CY,1701895149
188,greenville,35.6127,-77.3663,9.09,60,40,5.14,US,1701894899
189,champerico,14.3,-91.9167,34.3,66,31,3.72,GT,1701895149
190,inza,53.8533,46.3586,-20.6,100,79,0.19,RU,1701895149
191,ribeira brava,32.65,-17.0667,20.4,87,100,0.7,PT,1701895149
192,yaren,-0.5472,166.916,28.09,79,100,5.88,NR,1701895150
193,ar ruways,24.1103,52.7306,22.59,69,6,2.27,AE,1701895150
194,kudahuvadhoo,2.6708,72.8944,27.95,77,100,3.05,MV,1701895150
195,jiuquan,39.7432,98.5174,1.17,28,45,2.76,CN,1701895150
196,coahuayana de hidalgo,18.7,-103.6583,32.31,42,100,1.72,MX,1701895151
197,marquette,46.5333,-87.6335,0.38,75,100,3.58,US,1701895151
198,childress,34.4264,-100.204,21.14,28,0,5.66,US,1701895068
199,esmeraldas,-19.7625,-44.3139,31.58,50,27,3.39,BR,1701895130
200,santa cruz,-17.8,-63.1667,33.03,46,40,8.23,BO,1701895136
201,palapag,12.5458,125.1147,24.89,80,100,2.62,PH,1701895151
202,grand falls-windsor,48.9332,-55.6649,-5.57,84,100,1.42,CA,1701895074
203,ilulissat,69.2167,-51.1,-1.99,50,75,4.12,GL,1701895151
204,antsiranana,-12.2787,49.2917,25.72,74,97,4.31,MG,1701895152
205,kavieng,-2.5744,150.7967,28.16,78,100,2.31,PG,1701895152
206,bechar,31.6167,-2.2167,14.18,44,20,2.06,DZ,1701895152
207,puerto leguizamo,-0.1934,-74.7819,23.69,98,100,1.24,CO,1701895152
208,nova sintra,14.8667,-24.7167,21.73,72,100,7.29,CV,1701895152
209,kenai,60.5544,-151.2583,-1.59,94,0,0.0,US,1701895152
210,marand,38.4329,45.7749,7.39,51,46,3.57,IR,1701895152
211,naze,28.3667,129.4833,17.51,62,55,7.15,JP,1701895153
212,majene,-3.5403,118.9707,24.95,90,100,2.66,ID,1701895153
213,tshabong,-26.05,22.45,31.05,20,70,2.71,BW,1701895153
214,rivera,-30.9053,-55.5508,22.37,92,90,3.11,UY,1701895153
215,lerwick,60.1545,-1.1494,5.0,70,15,7.03,GB,1701895153
216,colonia,50.9333,6.95,3.87,90,75,1.03,DE,1701894870
217,myanaung,18.2833,95.3167,22.78,73,87,4.24,MM,1701895154
218,jaguaruna,-28.615,-49.0256,23.68,96,98,2.82,BR,1701895154
219,chegdomyn,51.1167,133.0167,-11.9,91,100,2.01,RU,1701895154
220,huron,41.1501,-82.5499,3.31,82,100,4.26,US,1701895154
221,kilindoni,-7.9139,39.6668,27.63,81,74,3.83,TZ,1701895154
222,ostercappeln,52.35,8.2333,2.53,94,100,3.16,DE,1701895154
223,jamestown,42.097,-79.2353,0.85,77,100,5.66,US,1701895154
224,brookings,44.3114,-96.7984,14.0,51,0,4.63,US,1701894945
225,abong mbang,3.9833,13.1833,21.81,88,96,0.97,CM,1701895155
226,xai-xai,-25.0519,33.6442,22.75,89,32,3.79,MZ,1701895155
227,tacuarembo,-31.7333,-55.9833,21.26,94,100,1.72,UY,1701895155
228,tarsus,36.9188,34.8784,12.93,88,98,3.5,TR,1701895155
229,behbahan,30.5959,50.2417,18.35,41,99,0.33,IR,1701895155
230,medvezh'yegorsk,62.9167,34.4667,-20.75,100,96,0.2,RU,1701895156
231,new norfolk,-42.7826,147.0587,12.73,64,100,2.12,AU,1701895156
232,la sarre,48.8002,-79.1996,-12.48,94,81,1.06,CA,1701895156
233,callao,-12.0667,-77.15,21.16,73,75,4.12,PE,1701895071
234,al jawf,29.5,38.75,16.93,58,2,3.37,SA,1701895156
235,turbat,26.0023,63.044,19.67,23,0,2.13,PK,1701895157
236,ljusdal,61.8288,16.0913,-17.82,98,99,0.75,SE,1701895157
237,aasiaat,68.7098,-52.8699,-5.7,69,100,8.53,GL,1701895157
238,impfondo,1.6381,18.0667,22.52,93,100,1.15,CG,1701895157
239,bairnsdale,-37.8333,147.6167,14.47,89,97,0.33,AU,1701895157
240,gowurdak,37.8124,66.0466,9.57,37,10,1.04,TM,1701895158
241,west odessa,31.8424,-102.4988,18.56,51,0,6.64,US,1701895158
242,whitby,54.4877,-0.615,2.43,85,72,0.89,GB,1701895158
243,boa vista,2.8197,-60.6733,27.99,69,75,2.57,BR,1701895158
244,ciudad sabinas hidalgo,26.5,-100.1667,17.37,91,100,0.7,MX,1701895158
245,santa isabel,-23.3156,-46.2214,32.84,76,98,1.59,BR,1701894912
246,kapit,2.0167,112.9333,23.22,100,100,0.33,MY,1701895159
247,polyarnyy,69.1989,33.4478,-14.92,96,91,4.61,RU,1701895159
248,flin flon,54.7682,-101.865,0.91,93,75,2.57,CA,1701895159
249,shahpur,16.7,76.8333,21.0,84,100,2.33,IN,1701895159
250,vel'sk,61.0701,42.0983,-15.64,95,100,1.39,RU,1701895159
251,margaret river,-33.95,115.0667,13.06,87,100,3.74,AU,1701895160
252,kzyltu,53.6364,72.3414,-20.55,94,100,6.47,KZ,1701895160
253,copala,16.65,-98.9833,30.27,59,100,3.04,MX,1701895160
254,arvayheer,46.2639,102.775,-2.2,59,42,4.69,MN,1701895160
255,tauranga,-37.6861,176.1667,17.7,76,3,1.79,NZ,1701895160
256,shingu,33.7333,135.9833,13.35,77,3,4.63,JP,1701895160
257,thames,-37.1333,175.5333,17.58,66,75,4.74,NZ,1701895161
258,luwuk,-0.9516,122.7875,25.49,83,88,1.26,ID,1701895161
259,saipan,15.1355,145.701,26.39,89,20,4.12,MP,1701895161
260,progreso,21.2833,-89.6667,27.84,63,100,7.72,MX,1701895161
261,nogliki,51.8333,143.1667,-3.7,87,100,1.79,RU,1701895161
262,canatlan,24.5167,-104.7833,17.73,49,96,2.25,MX,1701895161
263,bulakamba,-6.8748,108.9559,25.53,84,70,4.3,ID,1701895162
264,daru,-9.0763,143.2092,26.23,83,30,3.23,PG,1701895162
265,kourou,5.1552,-52.6478,29.03,84,59,3.07,GF,1701895162
266,markovo,57.3206,107.0881,-43.05,100,73,0.65,RU,1701895162
267,ust-nera,64.5667,143.2,-46.04,90,13,0.88,RU,1701895162
268,the pas,53.8251,-101.2541,2.01,75,75,2.57,CA,1701895163
269,manacapuru,-3.2997,-60.6206,31.52,54,80,0.56,BR,1701895163
270,yuzhno-kurilsk,44.0306,145.8556,7.43,84,100,4.95,RU,1701895163
271,palmas,-10.2128,-48.3603,33.93,59,40,2.57,BR,1701895163
272,flying fish cove,-10.4217,105.6791,24.82,88,75,3.6,CX,1701895163
273,el porvenir,13.7617,-87.3458,28.63,44,14,3.86,HN,1701895163
274,lautoka,-17.6167,177.4667,27.92,69,20,2.06,FJ,1701895164
275,kuressaare,58.2481,22.5039,0.53,85,20,5.66,EE,1701895164
276,quelimane,-17.8786,36.8883,23.97,84,0,2.32,MZ,1701895164
277,cabo san lucas,22.8909,-109.9124,31.17,59,0,4.63,MX,1701894960
278,lata,40.1629,-8.3327,12.67,81,100,1.56,PT,1701895164
279,kralendijk,12.15,-68.2667,29.99,74,75,7.2,BQ,1701894915
280,rio grande,-32.035,-52.0986,21.06,97,100,3.75,BR,1701895165
281,yanchep,-31.55,115.6833,18.86,75,53,4.14,AU,1701895165
282,tamiahua,21.2667,-97.45,21.32,87,100,2.32,MX,1701895165
283,huilong,31.8111,121.655,8.67,58,0,2.73,CN,1701895165
284,zabol,32.25,67.25,3.63,41,0,0.66,AF,1701895165
285,constantia,44.1833,28.65,5.39,83,100,8.43,RO,1701895165
286,el granada,37.5027,-122.4694,19.02,79,75,5.66,US,1701895166
287,gargalianoi,37.0667,21.6333,12.97,68,100,2.73,GR,1701895166
288,yamada,39.4667,141.95,9.42,90,100,3.38,JP,1701895166
289,ankazoabo,-22.2833,44.5167,26.13,56,14,5.31,MG,1701895166
290,lumberton,34.6182,-79.0086,12.99,41,40,6.17,US,1701895166
291,mount gambier,-37.8333,140.7667,12.26,69,100,1.44,AU,1701895166
292,castillos,-34.1667,-53.8333,20.59,92,100,1.46,UY,1701895166
293,sooke,48.3746,-123.7276,9.76,95,100,4.12,CA,1701895087
294,richards bay,-28.783,32.0377,20.05,85,100,1.9,ZA,1701895167
295,saint-pierre,-21.3393,55.4781,25.32,65,75,2.57,RE,1701895167
296,la'ie,21.6477,-157.9253,27.98,72,6,4.47,US,1701895167
297,siocon,7.7061,122.1353,25.96,88,95,2.51,PH,1701895167
298,vakarai,55.6035,23.8213,-5.71,96,89,2.92,LT,1701895167
299,dire dawa,9.5931,41.8661,19.88,43,23,0.46,ET,1701895168
300,kiunga,-6.1219,141.2906,23.32,99,99,0.29,PG,1701895168
301,port augusta,-32.5,137.7667,25.02,48,100,5.39,AU,1701895168
302,lorengau,-2.0226,147.2712,28.12,81,100,5.17,PG,1701895168
303,pahrump,36.2083,-115.9839,21.84,25,46,3.13,US,1701895168
304,port saint john's,-31.6229,29.5448,19.72,88,100,7.02,ZA,1701895169
305,pacasmayo,-7.4006,-79.5714,21.69,76,100,6.36,PE,1701895169
306,villanueva del arzobispo,38.1684,-3.0074,7.86,88,82,0.38,ES,1701895169
307,beltran,-27.8291,-64.061,25.99,60,97,3.2,AR,1701895169
308,kidal,18.4411,1.4078,24.97,12,0,2.9,ML,1701895169
309,irymple,-34.25,142.1667,26.87,28,100,3.14,AU,1701895169
310,namdrik,5.5994,168.1028,28.05,81,88,10.74,MH,1701895170
311,kailua-kona,19.6406,-155.9956,29.04,67,0,3.09,US,1701895092
312,ciudad lazaro cardenas,17.9583,-102.2,29.9,57,69,3.23,MX,1701895170
313,marica,-22.9194,-42.8186,33.97,86,18,5.13,BR,1701895170
314,santa elena de uairen,4.6167,-61.1333,24.63,64,90,2.2,VE,1701895170
315,kapsan-up,41.0903,128.2933,-10.1,80,68,1.79,KP,1701895171
316,yerofey pavlovich,53.9667,121.9667,-26.09,90,100,1.37,RU,1701895171
317,karratha,-20.7377,116.8463,29.88,27,6,4.51,AU,1701895171
318,hadibu,12.65,54.0333,24.96,68,100,5.0,YE,1701895171
319,pacific grove,36.6177,-121.9166,18.01,81,40,4.02,US,1701895171
320,chioggia,45.2256,12.2889,3.97,78,14,1.61,IT,1701895172
321,touros,-5.1989,-35.4608,26.63,77,7,6.35,BR,1701895172
322,north battleford,52.7834,-108.2847,6.89,81,100,3.09,CA,1701895017
323,sittwe,20.15,92.9,24.28,86,97,2.61,MM,1701895172
324,constitucion,-35.3333,-72.4167,18.33,66,14,7.12,CL,1701895172
325,anadyr,64.75,177.4833,-20.56,83,100,14.0,RU,1701895172
326,awjilah,29.1081,21.2869,17.42,31,86,2.15,LY,1701895173
327,pinczow,50.5205,20.5265,-0.64,97,100,2.63,PL,1701895173
328,machina,13.1364,10.0492,22.99,13,8,4.53,NG,1701895173
329,alofi,-19.0595,-169.9187,25.94,89,100,4.12,NU,1701895173
330,tsumeb,-19.2333,17.7167,23.86,57,92,3.45,NA,1701895173
331,la ronge,55.1001,-105.2842,4.14,60,75,5.14,CA,1701895173
332,znamenskoye,57.1281,73.8282,-30.35,95,9,2.84,RU,1701895174
333,kidatu,-7.6992,36.9572,23.7,93,96,0.99,TZ,1701895174
334,gisborne,-38.6533,178.0042,19.92,67,5,1.63,NZ,1701895174
335,lhasa,29.65,91.1,-2.59,61,20,0.94,CN,1701895174
336,boende,-0.2167,20.8667,22.26,99,100,1.36,CD,1701895174
337,boke,10.9409,-14.2967,24.55,80,1,1.18,GN,1701895174
338,verkhnevilyuysk,63.4453,120.3167,-46.73,100,71,1.12,RU,1701895174
339,minas de marcona,-15.2119,-75.1103,19.76,58,98,7.77,PE,1701895175
340,narwar,25.65,77.9,18.38,45,92,1.94,IN,1701895175
341,cole harbour,44.6724,-63.4751,-1.69,72,40,4.12,CA,1701895175
342,dubbo,-32.25,148.6167,22.07,56,10,5.66,AU,1701895175
343,byron bay,-28.65,153.6167,22.62,77,7,1.98,AU,1701895151
344,howrah,22.5892,88.3103,19.0,88,75,3.6,IN,1701895175
345,akureyri,65.6835,-18.0878,-16.04,85,0,1.03,IS,1701895176
346,namsos,64.4662,11.4957,-2.97,73,75,4.12,NO,1701895176
347,shirgaon,19.7,72.7,24.79,68,1,3.39,IN,1701895176
348,timimoun,29.2639,0.231,19.21,32,0,1.54,DZ,1701895176
349,howard springs,-12.497,131.047,25.95,96,99,1.8,AU,1701895176
350,nizhnyaya omka,55.4338,74.9426,-25.24,93,98,5.1,RU,1701895176
351,harran,36.86,39.0314,10.93,84,80,1.95,TR,1701895176
352,puerto baquerizo moreno,-0.9,-89.6,28.55,65,20,7.72,EC,1701895177
353,cadale,2.7603,46.3222,26.93,72,3,7.36,SO,1701895177
354,newborough,52.6389,-0.2233,2.47,93,100,2.57,GB,1701895177
355,porto torres,40.835,8.3972,11.1,68,21,4.85,IT,1701895177
356,horta,38.5333,-28.6333,18.8,77,75,9.26,PT,1701895177
357,temnikov,54.6302,43.2148,-21.57,100,91,1.24,RU,1701895177
358,ponta delgada,37.7333,-25.6667,20.4,88,75,7.72,PT,1701895178
359,sterling,39.0062,-77.4286,6.66,55,100,7.2,US,1701894888
360,jwaneng,-24.6004,24.7303,26.28,28,99,8.48,BW,1701895178
361,laghouat,33.8,2.8651,11.64,70,80,3.86,DZ,1701895178
362,vadso,70.0744,29.7487,-8.91,92,75,6.17,NO,1701895178
363,bamboo flat,11.7,92.7167,25.05,100,75,0.0,IN,1701895178
364,fort bragg,35.139,-79.006,12.08,50,40,3.6,US,1701895179
365,vila velha,-20.3297,-40.2925,27.97,83,20,7.72,BR,1701895179
366,tobelo,1.7284,128.0095,26.42,84,93,1.43,ID,1701895179
367,sao joao da barra,-21.6403,-41.0511,28.05,88,0,7.25,BR,1701895179
368,kruisfontein,-34.0033,24.7314,19.38,85,84,5.78,ZA,1701895179
369,cortez,37.3489,-108.5859,13.29,39,0,3.09,US,1701895179
370,dano,11.15,-3.0667,28.62,16,16,2.35,BF,1701895180
371,utrik,11.2278,169.8474,27.34,77,96,10.81,MH,1701895180
372,at-bashi,41.1702,75.8106,-4.69,63,7,1.22,KG,1701895180
373,raduzhnyy,62.0961,77.475,-30.49,89,6,4.68,RU,1701895180
374,jianshui,23.6363,102.8264,11.92,78,99,1.3,CN,1701895180
375,al muwayh,22.4333,41.7583,19.87,25,6,3.84,SA,1701895181
376,nar'yan-mar,67.6713,53.087,-17.51,97,100,3.57,RU,1701895181
377,san jose de feliciano,-30.3845,-58.7517,22.06,96,100,2.55,AR,1701895181
378,rudnichnyy,59.617,52.4703,-35.03,100,21,1.15,RU,1701895181
379,pandan,14.0453,124.1694,25.52,81,79,3.1,PH,1701895181
380,novospasskoye,53.1468,47.7514,-21.47,100,100,1.27,RU,1701895182
381,las khorey,11.1595,48.1967,25.15,56,61,4.35,SO,1701895182
382,paraiso,9.8383,-83.8656,23.48,76,40,2.8,CR,1701895118
383,nica,43.7031,7.2661,10.78,66,0,6.69,FR,1701895182
384,ola,59.5833,151.2833,-16.84,67,100,6.24,RU,1701895182
385,huarmey,-10.0681,-78.1522,22.41,76,99,5.26,PE,1701895182
386,bumba,2.1833,22.4667,21.89,96,99,0.22,CD,1701895182
387,nizhneudinsk,54.9076,99.0276,-19.1,98,100,2.99,RU,1701895182
388,antofagasta,-23.65,-70.4,18.6,73,12,5.12,CL,1701895183
389,southside,33.9245,-86.0225,12.72,45,0,4.12,US,1701895183
390,arteche,12.2645,125.4048,25.3,80,99,2.81,PH,1701895183
391,berezovyy,51.6667,135.7,-11.74,97,100,0.66,RU,1701895183
392,hithadhoo,-0.6,73.0833,28.33,77,39,5.0,MV,1701895183
393,mili,6.0815,171.735,27.91,82,71,9.55,MH,1701895183
394,guelmim,28.987,-10.0574,17.19,82,0,2.57,MA,1701895183
395,hami,42.8,93.45,1.13,46,81,2.93,CN,1701895183
396,caacupe,-25.3833,-57.15,32.27,84,54,1.12,PY,1701895183
397,new plymouth,-39.0667,174.0833,16.56,87,53,5.92,NZ,1701895184
398,weno,7.4515,151.8468,25.97,100,100,2.06,FM,1701895184
399,mkushi,-13.6202,29.3939,23.2,51,38,3.25,ZM,1701895184
400,vyazemskiy,47.5378,134.7525,-11.54,93,100,2.86,RU,1701895184
401,pariaman,-0.619,100.12,25.03,88,100,1.24,ID,1701895184
402,iskateley,67.6803,53.1512,-17.77,98,100,3.58,RU,1701895184
403,longboat key,27.4125,-82.659,19.03,46,0,7.2,US,1701894973
404,wakkanai,45.4094,141.6739,6.72,77,100,5.36,JP,1701895184
405,villa bruzual,9.3328,-69.1208,33.77,35,100,0.91,VE,1701895184
406,axim,4.8699,-2.2405,26.9,82,33,3.77,GH,1701895184
407,bom jesus,-9.0744,-44.3586,35.68,21,76,3.78,BR,1701895184
408,keflavik,64.0049,-22.5624,1.95,60,0,10.8,IS,1701895184
409,jinghong,21.991,100.7341,19.31,86,100,0.26,CN,1701895184
410,qamdo,31.1667,97.2333,-10.88,42,62,0.83,CN,1701895185
411,bafoulabe,13.8065,-10.8321,28.67,14,5,2.03,ML,1701895185
412,boguchany,58.3814,97.4531,-31.19,93,100,3.13,RU,1701895185
413,san pedro pochutla,15.7333,-96.4667,30.84,57,76,3.48,MX,1701895185
414,oranjemund,-28.55,16.4333,17.17,94,1,1.43,NA,1701895185
415,handan,36.6006,114.4678,8.22,31,0,2.93,CN,1701895185
416,nagireddipalli,14.2667,79.1,23.54,90,83,0.83,IN,1701895185
417,vorgashor,67.5833,63.95,-30.51,100,15,0.75,RU,1701895185
418,palikir - national government center,6.9248,158.1611,26.41,89,100,5.14,FM,1701895185
419,villa gesell,-37.2639,-56.973,16.7,95,100,5.47,AR,1701895186
420,nianzishan,47.5167,122.8833,-14.54,58,37,3.53,CN,1701895186
421,visakhapatnam,17.69,83.2093,22.98,91,92,2.74,IN,1701895186
422,saint-philippe,-21.3585,55.7679,24.77,78,54,2.58,RE,1701895186
423,mutare,-18.9707,32.6709,16.66,83,1,2.62,ZW,1701895186
424,natal,-5.795,-35.2094,29.36,69,40,6.17,BR,1701895186
425,paramonga,-10.6667,-77.8333,21.47,78,100,5.02,PE,1701895186
426,aras-asan,8.8908,126.3033,24.81,90,81,1.97,PH,1701895187
427,tocopilla,-22.092,-70.1979,21.43,66,20,6.7,CL,1701895187
428,suksun,57.1431,57.3949,-30.65,98,20,1.05,RU,1701895187
429,alappakkam,11.6,79.7333,25.65,87,19,3.65,IN,1701895187
430,zhangjiakou shi xuanhua qu,40.6103,115.0447,-0.38,45,1,1.17,CN,1701895187
431,mukalla,14.5425,49.1242,23.49,70,6,1.22,YE,1701895187
432,nelson bay,-32.7167,152.15,21.67,94,10,0.89,AU,1701895187
433,murashi,59.3999,48.9615,-27.09,99,28,1.0,RU,1701895187
434,kitimat,54.0524,-128.6534,4.27,63,99,0.89,CA,1701895187
435,torre de moncorvo,41.1792,-7.0358,4.28,95,99,0.86,PT,1701895188
436,colares,38.7992,-9.4469,14.63,83,100,7.15,PT,1701895188
437,turpan,42.9333,89.1667,1.13,48,56,0.56,CN,1701895188
438,bodo,67.28,14.405,-2.35,74,75,12.35,NO,1701895188
439,buta,2.7858,24.73,22.05,98,98,0.44,CD,1701895188
440,nyaunglebin,17.95,96.7333,22.18,88,54,2.24,MM,1701895188
441,pembury,51.143,0.3219,6.01,94,93,2.9,GB,1701895188
442,omdurman,15.6445,32.4777,25.64,19,55,6.46,SD,1701895188
443,cockburn town,21.4612,-71.1419,26.75,71,0,2.19,TC,1701895188
444,cold lake,54.4502,-110.2017,6.97,61,75,3.09,CA,1701895188
445,malango,-2.9627,119.9001,20.59,98,100,1.14,ID,1701895188
446,knyaze-volkonskoye,48.4642,135.4567,-6.11,92,100,3.58,RU,1701895189
447,gadzhiyevo,69.2551,33.3362,-15.9,98,93,4.67,RU,1701895189
448,tazovsky,67.4667,78.7,-29.42,99,100,4.16,RU,1701895189
449,kalulushi,-12.8378,28.0919,20.46,67,83,2.67,ZM,1701895189
450,kafr kanna,32.7466,35.3424,16.66,93,19,0.46,IL,1701895189
451,uturoa,-16.7333,-151.4333,26.19,81,100,7.96,PF,1701895189
452,fada,9.5667,8.3,22.56,28,16,1.31,NG,1701895189
453,gorele,41.0308,39.0031,12.25,78,62,2.39,TR,1701895189
454,kapa'a,22.0752,-159.319,26.18,73,40,5.14,US,1701895189
455,mil'kovo,55.6078,37.7956,-9.78,100,99,0.85,RU,1701895189
456,mek'ele,13.4967,39.4753,16.17,43,66,3.16,ET,1701895190
457,moses lake,47.1301,-119.2781,7.16,100,75,2.06,US,1701894998
458,adam,22.3756,57.5233,17.66,48,0,2.03,OM,1701895190
459,vikhorevka,56.1201,101.1636,-28.2,78,100,3.38,RU,1701895190
460,kharp,66.8014,65.8081,-29.95,99,10,2.0,RU,1701895190
461,nagqu,31.5,92.0,-16.66,94,11,1.32,CN,1701895190
462,mejit,10.2753,170.8646,27.54,77,90,10.05,MH,1701895190
463,tolanaro,-25.0319,46.9987,25.04,73,75,4.12,MG,1701895190
464,marsabit,2.3284,37.9899,20.5,54,1,4.05,KE,1701895190
465,jayapura,-2.5333,140.7,22.66,91,100,2.21,ID,1701895190
466,nueva gerona,21.8833,-82.8,26.12,53,44,8.83,CU,1701895190
467,ha'il,27.5219,41.6907,15.01,44,0,4.12,SA,1701895190
468,alice springs,-23.7,133.8833,26.75,34,0,4.63,AU,1701895150
469,caleta de carquin,-11.0925,-77.6267,21.85,76,100,5.1,PE,1701895191
470,nadi,-17.8,177.4167,28.0,69,20,2.06,FJ,1701895191
471,magadan,59.5667,150.8,-15.32,64,100,6.76,RU,1701895191
472,ancenis,47.3667,-1.1667,7.11,88,100,2.92,FR,1701895191
473,hasaki,35.7333,140.8333,9.05,70,96,8.72,JP,1701895191
474,papao,-17.75,-149.55,26.82,86,100,8.49,PF,1701895191
475,kankaanpaa,61.8,22.4167,-5.58,96,100,2.63,FI,1701895191
476,suva,-18.1416,178.4415,29.71,79,20,1.54,FJ,1701895191
477,bayeux,-7.125,-34.9322,28.35,69,0,6.17,BR,1701895191
478,kerikeri,-35.2268,173.9474,18.28,83,18,0.89,NZ,1701895191
479,victorica,-36.2151,-65.4359,21.99,43,43,10.47,AR,1701895191
480,loen,7.7601,168.2307,27.85,79,93,9.66,MH,1701895192
481,katima mulilo,-17.5,24.2667,26.86,30,31,1.24,NA,1701895192
482,hotan,37.0997,79.9269,5.82,15,5,1.34,CN,1701895192
483,rosolina,45.0731,12.2486,3.95,82,10,1.93,IT,1701895192
484,baoding,38.8511,115.4903,2.64,35,0,1.56,CN,1701895192
485,madarounfa,13.3087,7.156,22.92,14,70,4.09,NE,1701895192
486,sarina,-21.4333,149.2167,24.23,1,44,4.8,AU,1701895192
487,katsuura,35.1333,140.3,16.07,67,83,8.82,JP,1701895192
488,qala i naw,34.9874,63.1289,8.13,36,74,0.35,AF,1701895192
489,sept-iles,50.2001,-66.3821,-3.0,67,75,4.63,CA,1701895052
490,taltal,-25.4,-70.4833,20.38,65,22,4.06,CL,1701895192
491,alegrete,-29.7831,-55.7919,26.55,82,41,5.07,BR,1701895192
492,shilin,24.8188,103.3324,8.41,84,100,0.35,CN,1701895192
493,parambu,-6.2111,-40.6944,32.05,30,47,1.55,BR,1701895192
494,kisesa,-3.0833,34.15,19.65,84,64,1.44,TZ,1701895193
495,whittlesea,-32.1759,26.8244,13.1,94,99,0.75,ZA,1701895193
496,grand-lahou,5.1367,-5.0242,26.85,83,2,3.69,CI,1701895193
497,malegaon,20.55,74.5333,22.31,77,100,3.62,IN,1701895162
498,vilyuysk,63.7553,121.6247,-45.56,100,83,1.34,RU,1701895193
499,caxito,-8.5785,13.6643,25.07,81,4,0.69,AO,1701895193
500,regina,50.4501,-104.6178,7.06,68,20,2.57,CA,1701895193
501,zhezqazghan,47.7833,67.7667,-6.7,58,6,3.91,KZ,1701895193
502,dunedin,-45.8742,170.5036,13.78,59,80,4.02,NZ,1701895193
503,yarmouth,41.7057,-70.2286,1.65,79,100,9.83,US,1701895193
504,zakynthos,37.7914,20.8953,13.13,62,100,4.57,GR,1701894967
505,mugia,43.1041,-9.2179,13.28,83,100,13.94,ES,1701895194
506,antalaha,-14.9003,50.2788,22.93,85,1,2.08,MG,1701895194
507,qacha's nek,-30.1154,28.6894,11.22,94,100,1.55,LS,1701895194
508,sergeyevka,53.88,67.4158,-24.68,98,53,2.92,KZ,1701895194
509,taoudenni,22.6783,-3.9836,22.27,11,100,2.01,ML,1701895194
510,tahe,52.3333,124.7333,-20.96,84,100,3.14,CN,1701895194
511,chinde,26.8418,88.0763,11.09,68,97,2.38,NP,1701895194
512,sisimiut,66.9395,-53.6735,-7.32,69,73,3.24,GL,1701895194
513,guarapari,-20.6667,-40.4975,27.72,84,1,7.06,BR,1701894904
514,franceville,-1.6333,13.5836,21.54,97,53,0.62,GA,1701895194
515,fiambala,-27.6871,-67.6149,26.08,35,0,5.63,AR,1701895194
516,mount isa,-20.7333,139.5,24.87,50,2,0.51,AU,1701895195
517,vila franca do campo,37.7167,-25.4333,20.23,99,100,8.07,PT,1701895195
518,labrador city,52.9463,-66.9114,-9.05,79,75,3.6,CA,1701895195
519,puerto carreno,6.189,-67.4859,33.99,49,20,3.09,CO,1701895196
520,bardai,11.65,7.2333,21.91,18,12,3.92,NG,1701895196
521,fort st. john,56.2499,-120.8529,2.94,60,20,4.63,CA,1701894994
522,maintirano,-18.0667,44.0167,27.45,73,44,5.89,MG,1701895197
523,luganville,-15.5333,167.1667,26.87,83,100,4.76,VU,1701895197
524,el bagre,7.5927,-74.8086,29.31,78,98,1.47,CO,1701895197
525,camargo,27.6667,-105.1667,20.52,25,100,3.38,MX,1701894992
526,silvia,2.611,-76.3785,14.2,95,100,0.37,CO,1701895197
527,nizhniy ingash,56.2,96.53,-21.32,96,100,6.35,RU,1701895197
528,burang,30.25,81.1667,-13.93,43,0,1.69,CN,1701895197
529,ewo,-0.8725,14.8206,23.07,90,15,0.64,CG,1701895198
530,karaton,-6.3424,106.1045,24.27,92,100,1.45,ID,1701895198
531,fortuna,40.5982,-124.1573,13.29,96,100,7.2,US,1701895198
532,ghormach,35.7306,63.7826,9.08,38,69,1.01,AF,1701895199
533,riyadh,24.6877,46.7219,17.08,16,0,2.95,SA,1701894976
534,mangai,-4.05,19.5333,21.69,97,45,0.57,CD,1701895199
535,mudurnu,40.473,31.2076,8.8,86,100,1.51,TR,1701895199
536,forbes,-33.3833,148.0167,26.92,30,21,2.63,AU,1701895199
537,crane,31.3974,-102.3501,19.19,42,66,7.36,US,1701895199
538,trincomalee,8.5711,81.2335,26.95,82,28,1.34,LK,1701895200
539,tangalle,6.024,80.7911,24.98,92,74,1.68,LK,1701895200
540,avanigadda,16.0215,80.9181,22.75,94,61,2.29,IN,1701895200
541,paita,-5.0892,-81.1144,22.52,77,95,7.1,PE,1701895200
542,sao vicente,-23.9631,-46.3919,36.1,74,75,3.6,BR,1701895159
543,hluti,-27.2167,31.6167,17.38,96,100,1.33,SZ,1701895200
544,muisne,0.6,-80.0333,25.45,87,100,4.16,EC,1701895201
545,canico,32.6333,-16.85,20.4,87,75,3.09,PT,1701895201
546,jiagedaqi,50.4167,124.1167,-18.25,78,84,2.15,CN,1701895201
547,cascais,38.6979,-9.4215,14.73,83,100,7.15,PT,1701895202
548,chebarkul',54.9749,60.3633,-23.02,100,94,0.2,RU,1701895202
549,necochea,-38.5473,-58.7368,18.0,76,100,5.31,AR,1701895202
550,whangarei,-35.7317,174.3239,18.87,61,31,4.19,NZ,1701895104
551,meridian,43.6121,-116.3915,15.02,57,100,6.69,US,1701895124
552,bucerias,20.75,-105.3333,30.55,51,75,3.09,MX,1701895187
553,san patricio,28.017,-97.5169,23.4,48,71,5.05,US,1701895203
554,murghob,38.1702,73.9667,-14.13,66,3,1.72,TJ,1701895203
555,chontaul,43.3048,46.8597,8.17,90,100,6.33,RU,1701895203
556,kuala tungkal,-0.8167,103.4667,24.04,90,49,2.08,ID,1701895203
557,warrnambool,-38.3833,142.4833,12.22,76,100,1.65,AU,1701895203
558,saint-leu,-21.15,55.2833,24.98,92,74,4.16,RE,1701895204
559,usogorsk,63.4106,48.6872,-26.3,99,18,0.27,RU,1701895204
560,mount pearl,47.5166,-52.7813,-3.71,81,40,3.6,CA,1701895204
561,thame,51.7484,-0.9762,4.61,95,75,6.69,GB,1701895204
562,wellington,-41.2866,174.7756,19.75,73,0,8.75,NZ,1701894940
563,adrar,20.5022,-10.0711,21.02,18,100,4.53,MR,1701895204
564,nevel'sk,46.6733,141.8633,4.15,86,100,4.73,RU,1701895204
565,mchinji,-13.7984,32.8802,22.58,59,44,2.49,MW,1701895204
566,hirara,24.8,125.2833,20.92,60,75,10.29,JP,1701895161
567,ngozi,-2.9075,29.8306,13.76,94,18,0.86,BI,1701895204
568,bonthe,7.5264,-12.505,26.84,83,0,3.64,SL,1701895074
569,hammerfest,70.6634,23.6821,-5.75,68,40,9.77,NO,1701895205
570,liwale,-9.7667,37.9333,22.41,96,100,1.52,TZ,1701895205
571,vernon,50.2581,-119.2691,7.01,93,100,0.51,CA,1701895205
572,pathein,16.7833,94.7333,23.51,79,99,1.23,MM,1701895205
573,cotoca,-17.8167,-63.05,33.25,46,40,7.72,BO,1701895205
